,id,codigo,anunciante,oferta,tipo,area_util,bairro,cidade,preco,valor_m2,quartos,vagas,latitude,longitude,data_coleta,cluster
26360,5431616,VILLA150221A01,Bordalo PRIME ImobiliÃ¡ria,Aluguel,Apartamento,110.0,ASA NORTE,BRASILIA,9000.0,81.0,3.0,2.0,-15.7603,-47.8868,2025-05-11,8
33966,5430366,687419,Moni Netimoveis,Aluguel,Apartamento,57.0,ASA NORTE,BRASILIA,3700.0,64.0,2.0,0.0,-15.7391,-47.8936,2025-05-11,4
34523,5430923,AC3481,Acontece ImobiliÃ¡ria,Aluguel,Apartamento,45.0,ASA NORTE,BRASILIA,1900.0,42.0,1.0,0.0,-15.7463,-47.8939,2025-05-11,1
34531,5430931,1103984,Ãxito NetimÃ³veis,Aluguel,Apartamento,76.0,ASA NORTE,BRASILIA,3200.0,42.0,3.0,1.0,-15.7653,-47.8789,2025-05-11,1
34562,5430962,1156760,Urbania,Aluguel,Apartamento,140.0,ASA NORTE,BRASILIA,6800.0,48.0,4.0,1.0,-15.7587,-47.8836,2025-05-11,1
34627,5431027,1152910,Novo Rumo Empreendimentos ImobiliÃ¡rios,Aluguel,Apartamento,95.0,ASA NORTE,BRASILIA,5700.0,60.0,3.0,2.0,-15.7434,-47.8869,2025-05-11,6
34634,5431034,SR975,SPR ImÃ³veis,Aluguel,Apartamento,45.0,ASA NORTE,BRASILIA,1600.0,35.0,1.0,0.0,-15.7408,-47.8992,2025-05-11,3
34649,5431049,1103857,Ãxito NetimÃ³veis,Aluguel,Apartamento,69.0,ASA NORTE,BRASILIA,4200.0,60.0,2.0,0.0,-15.738,-47.8909,2025-05-11,6
34676,5431076,1127935,Curadoria de ImÃ³veis,Aluguel,Apartamento,126.0,ASA NORTE,BRASILIA,6000.0,47.0,3.0,1.0,-15.7633,-47.8858,2025-05-11,1
34725,5431125,AP0524,Futura Consultoria e NegÃ³cios,Aluguel,Apartamento,130.0,ASA NORTE,BRASILIA,9500.0,73.0,0.0,2.0,-15.7613,-47.8829,2025-05-11,2
34770,5431170,892762,Roberto PÃªgas ImÃ³veis,Aluguel,Apartamento,63.0,ASA NORTE,BRASILIA,3500.0,55.0,2.0,1.0,-15.7447,-47.8941,2025-05-11,0
34948,5431348,775854,Casagrande Marketing ImobiliÃ¡rio,Aluguel,Apartamento,101.0,ASA NORTE,BRASILIA,4900.0,48.0,3.0,1.0,-15.7729,-47.8797,2025-05-11,1
34991,5431391,SP169,SPR ImÃ³veis,Aluguel,Apartamento,50.0,ASA NORTE,BRASILIA,2400.0,48.0,1.0,0.0,-15.7365,-47.8902,2025-05-11,1
35036,5431436,FB0001,FlÃ¡via Bruno,Aluguel,Apartamento,158.0,ASA NORTE,BRASILIA,7200.0,45.0,2.0,2.0,-15.7502,-47.8859,2025-05-11,1
35079,5431479,1104087,Ãxito NetimÃ³veis,Aluguel,Apartamento,45.0,ASA NORTE,BRASILIA,1350.0,30.0,2.0,0.0,-15.7676,-47.8905,2025-05-11,5
35102,5431502,AP0578,Luzia Mello ImÃ³veis,Aluguel,Apartamento,108.0,ASA NORTE,BRASILIA,6000.0,55.0,3.0,1.0,-15.7513,-47.8855,2025-05-11,0
35161,5431561,1157337,CÃ¡ssia Oliveira Gestora imobiliÃ¡ria,Aluguel,Apartamento,96.0,ASA NORTE,BRASILIA,5500.0,57.0,3.0,1.0,-15.7521,-47.8847,2025-05-11,0
35194,5431594,24375,Beiramar ImÃ³veis,Aluguel,Apartamento,89.0,ASA NORTE,BRASILIA,3500.0,39.0,2.0,0.0,-15.7367,-47.887,2025-05-11,3
35219,5431623,VILLA70928A01,MRC ImÃ³veis,Aluguel,Apartamento,24.0,ASA NORTE,BRASILIA,1650.0,68.0,1.0,1.0,0.0,0.0,2025-05-11,4
35244,5431648,1025656,Manu NetimÃ³veis,Aluguel,Apartamento,90.0,ASA NORTE,BRASILIA,4500.0,50.0,3.0,0.0,-15.7741,-47.8757,2025-05-11,7
35268,5431672,SP954,SPR ImÃ³veis,Aluguel,Apartamento,112.0,ASA NORTE,BRASILIA,6500.0,58.0,3.0,1.0,-15.7576,-47.8905,2025-05-11,0
35271,5431675,CO0015A,MUDE IMOBI NegÃ³cios mobiliÃ¡rios,Aluguel,Apartamento,197.0,ASA NORTE,BRASILIA,9500.0,48.0,2.0,2.0,-15.7529,-47.8847,2025-05-11,1
35312,5431716,761140,BSB NetimÃ³veis,Aluguel,Apartamento,79.0,ASA NORTE,BRASILIA,4950.0,62.0,2.0,1.0,-15.7443,-47.8888,2025-05-11,6
35377,5431781,0003178L-DFI,DDA DiÃ³genes,Aluguel,Apartamento,32.0,ASA NORTE,BRASILIA,1200.0,37.0,1.0,0.0,-15.7456,-47.8975,2025-05-11,3
35452,5431856,21741195,Jorge Augusto Corretor de ImÃ³veis,Aluguel,Apartamento,41.0,ASA NORTE,BRASILIA,1900.0,46.0,1.0,0.0,-15.7655,-47.8913,2025-05-11,1
35471,5431875,00678L-DFI,S&F IMOBILIARIA LTDA,Aluguel,Apartamento,40.0,ASA NORTE,BRASILIA,1200.0,30.0,1.0,0.0,-15.7464,-47.892,2025-05-11,5
35538,5431942,28759,Beiramar ImÃ³veis,Aluguel,Apartamento,130.0,ASA NORTE,BRASILIA,10000.0,76.0,4.0,2.0,-15.7613,-47.8829,2025-05-11,2
35601,5432005,1140008,Solo Empreendimentos ImobiliÃ¡rios,Aluguel,Apartamento,135.0,ASA NORTE,BRASILIA,6100.0,45.0,3.0,1.0,-15.7388,-47.8977,2025-05-11,1
35712,5432116,2169325,Drumond ImÃ³veis,Aluguel,Apartamento,36.0,ASA NORTE,BRASILIA,2500.0,69.0,1.0,1.0,-15.7662,-47.8751,2025-05-11,4
35718,5432122,AP0235,Consult ImÃ³veis,Aluguel,Apartamento,35.0,ASA NORTE,BRASILIA,2000.0,57.0,1.0,0.0,-15.7749,-47.8903,2025-05-11,0
35720,5432124,AP0600ALPHAB,Alpha Brasilia Administradora de ImÃ³veis,Aluguel,Apartamento,70.0,ASA NORTE,BRASILIA,4200.0,60.0,2.0,0.0,-15.7793,-47.8867,2025-05-11,6
35742,5432146,1105616,Precisa NetimÃ³veis,Aluguel,Apartamento,48.0,ASA NORTE,BRASILIA,2000.0,41.0,2.0,0.0,-15.7585,-47.8936,2025-05-11,3
35860,5432264,1233,Dall'Oca ImÃ³veis,Aluguel,Apartamento,110.0,ASA NORTE,BRASILIA,4000.0,36.0,3.0,1.0,-15.7786,-47.8795,2025-05-11,3
35923,5432327,1154344,KR Real State,Aluguel,Apartamento,69.0,ASA NORTE,BRASILIA,3900.0,56.0,2.0,0.0,-15.74,-47.8882,2025-05-11,0
35926,5432330,841984,WR imobiliÃ¡ria,Aluguel,Apartamento,45.0,ASA NORTE,BRASILIA,3000.0,66.0,2.0,0.0,-15.775,-47.8905,2025-05-11,4
35963,5432367,AP0093,Samantha ImÃ³veis,Aluguel,Apartamento,60.0,ASA NORTE,BRASILIA,3700.0,61.0,2.0,0.0,-15.7823,-47.874,2025-05-11,6
35966,5432370,314620,Federal Administradora de Propriedades,Aluguel,Apartamento,30.0,ASA NORTE,BRASILIA,1800.0,60.0,1.0,0.0,-15.7765,-47.8896,2025-05-11,6
35967,5432371,62478,Planalto Central ImÃ³veis,Aluguel,Apartamento,30.0,ASA NORTE,BRASILIA,1300.0,43.0,1.0,0.0,-15.7461,-47.8975,2025-05-11,1
35982,5432386,1157088,TZT EscritÃ³rio ImobiliÃ¡rio,Aluguel,Apartamento,70.0,ASA NORTE,BRASILIA,4000.0,57.0,2.0,1.0,-15.7598,-47.8873,2025-05-11,0
35990,5432394,1149888,LideranÃ§a ImÃ³veis,Aluguel,Apartamento,110.0,ASA NORTE,BRASILIA,6500.0,59.0,3.0,1.0,-15.7797,-47.8869,2025-05-11,6
36023,5432427,AC503,Acontece ImobiliÃ¡ria,Aluguel,Apartamento,45.0,ASA NORTE,BRASILIA,2400.0,53.0,2.0,0.0,-15.7551,-47.8823,2025-05-11,7
36103,5432506,03695,Plano ImobiliÃ¡ria,Aluguel,Apartamento,45.0,ASA NORTE,BRASILIA,3000.0,66.0,2.0,0.0,-15.754,-47.8807,2025-05-11,4
36107,5432510,AP0010,ABC Imoveis,Aluguel,Apartamento,30.0,ASA NORTE,BRASILIA,1390.0,46.0,1.0,0.0,-15.7537,-47.8815,2025-05-11,1
36164,5432567,1140723,Saback ImÃ³veis,Aluguel,Apartamento,130.0,ASA NORTE,BRASILIA,5000.0,38.0,4.0,1.0,-15.7818,-47.8791,2025-05-11,3
36191,5432593,1148464,Claudio Coutinho,Aluguel,Apartamento,110.0,ASA NORTE,BRASILIA,8000.0,72.0,3.0,1.0,-15.7602,-47.886,2025-05-11,2
36204,5432606,1140671,Victor Cruz NegÃ³cios ImobiliÃ¡rios,Aluguel,Apartamento,130.0,ASA NORTE,BRASILIA,10000.0,76.0,4.0,2.0,-15.7613,-47.8829,2025-05-11,2
36207,5432609,1N04,Estrela DF ImÃ³veis,Aluguel,Apartamento,112.0,ASA NORTE,BRASILIA,8000.0,71.0,3.0,1.0,-15.777,-47.8833,2025-05-11,2
36331,5432733,EL2581,Elo imÃ³veis,Aluguel,Apartamento,41.0,ASA NORTE,BRASILIA,2000.0,49.0,2.0,0.0,-15.7605,-47.8929,2025-05-11,7
36380,5432781,911771,Flordiliz Corretora de ImÃ³veis,Aluguel,Apartamento,33.0,ASA NORTE,BRASILIA,1700.0,52.0,1.0,0.0,-15.736,-47.9053,2025-05-11,7
36534,5432935,AP0038,Samantha ImÃ³veis,Aluguel,Apartamento,98.0,ASA NORTE,BRASILIA,4950.0,50.0,3.0,2.0,-15.7457,-47.8958,2025-05-11,7
36537,5432938,893L-DFI,Armando ImÃ³veis,Aluguel,Apartamento,190.0,ASA NORTE,BRASILIA,5800.0,30.0,4.0,1.0,-15.782,-47.878,2025-05-11,5
36570,5432971,1014715,Agropar NetimÃ³veis,Aluguel,Apartamento,78.0,ASA NORTE,BRASILIA,4950.0,63.0,2.0,1.0,-15.7495,-47.8852,2025-05-11,6
36599,5433000,986988,Lettieri ImobiliÃ¡ria,Aluguel,Apartamento,29.0,ASA NORTE,BRASILIA,1300.0,44.0,1.0,0.0,-15.7595,-47.8933,2025-05-11,1
36721,5433122,1126988,Aldeia ImÃ³veis,Aluguel,Apartamento,69.0,ASA NORTE,BRASILIA,4000.0,57.0,2.0,1.0,-15.761,-47.8913,2025-05-11,0
36749,5433150,735856,Massuh ImÃ³veis,Aluguel,Apartamento,120.0,ASA NORTE,BRASILIA,6800.0,56.0,3.0,1.0,-15.7752,-47.8842,2025-05-11,0
36769,5433170,973791,Agropar NetimÃ³veis,Aluguel,Apartamento,75.0,ASA NORTE,BRASILIA,4200.0,56.0,2.0,0.0,-15.7495,-47.8819,2025-05-11,0
36783,5433184,AD0002,ABC Imoveis,Aluguel,Apartamento,200.0,ASA NORTE,BRASILIA,6400.0,32.0,3.0,1.0,-15.7404,-47.8883,2025-05-11,5
36813,5433213,1104940,Ãxito NetimÃ³veis,Aluguel,Apartamento,34.0,ASA NORTE,BRASILIA,1580.0,46.0,1.0,1.0,-15.7662,-47.8752,2025-05-11,1
36878,5433278,CO9421,Coemi ImÃ³veis,Aluguel,Apartamento,74.0,ASA NORTE,BRASILIA,3900.0,52.0,2.0,1.0,-15.7447,-47.8941,2025-05-11,7
36881,5433281,803527,BSB NetimÃ³veis,Aluguel,Apartamento,56.0,ASA NORTE,BRASILIA,3290.0,58.0,2.0,0.0,-15.7819,-47.8749,2025-05-11,0
36886,5433286,1138215,Nicolle Menali,Aluguel,Apartamento,154.0,ASA NORTE,BRASILIA,7500.0,48.0,3.0,1.0,-15.7613,-47.8829,2025-05-11,1
36904,5433304,sqn,Ducol ImÃ³veis,Aluguel,Apartamento,143.0,ASA NORTE,BRASILIA,5000.0,34.0,3.0,1.0,-15.7712,-47.8807,2025-05-11,3
36920,5433320,AC111,Acontece ImobiliÃ¡ria,Aluguel,Apartamento,29.0,ASA NORTE,BRASILIA,1400.0,48.0,1.0,1.0,-15.7662,-47.8751,2025-05-11,1
36935,5433335,AP14204,Domminios Empreendimentos ImobiliÃ¡rios,Aluguel,Apartamento,120.0,ASA NORTE,BRASILIA,5500.0,45.0,3.0,0.0,-15.746,-47.8981,2025-05-11,1
36957,5433357,1126257,LBC EMPREENDIMENTOS IMOBILIÃRIOS,Aluguel,Apartamento,35.0,ASA NORTE,BRASILIA,2100.0,60.0,1.0,0.0,-15.7516,-47.8965,2025-05-11,6
36959,5433359,03761,Plano ImobiliÃ¡ria,Aluguel,Apartamento,60.0,ASA NORTE,BRASILIA,2100.0,35.0,2.0,0.0,-15.7399,-47.8995,2025-05-11,3
36993,5433392,1154239,AMRBRASIL Assessoria ImobiliÃ¡ria,Aluguel,Apartamento,40.0,ASA NORTE,BRASILIA,1600.0,40.0,1.0,0.0,-15.7385,-47.8998,2025-05-11,3
37014,5433413,2006BZ31708,INVEST FLAT,Aluguel,Apartamento,44.0,ASA NORTE,BRASILIA,3450.0,78.0,1.0,1.0,-15.7909,-47.8853,2025-05-11,2
37032,5433431,CO9452,Coemi ImÃ³veis,Aluguel,Apartamento,36.0,ASA NORTE,BRASILIA,1650.0,45.0,1.0,0.0,-15.7662,-47.8751,2025-05-11,1
37039,5433438,AN-LOR6L-DFI,AndrÃ© Pinedo,Aluguel,Apartamento,37.0,ASA NORTE,BRASILIA,1600.0,43.0,1.0,0.0,-15.7411,-47.8986,2025-05-11,1
37204,5433604,2489,Dall'Oca ImÃ³veis,Aluguel,Apartamento,58.0,ASA NORTE,BRASILIA,3600.0,62.0,2.0,0.0,-15.759,-47.8919,2025-05-11,6
37211,5433611,1156736,Greisson Luis RosÃ¡rio da Cruz,Aluguel,Apartamento,75.0,ASA NORTE,BRASILIA,3500.0,46.0,3.0,0.0,-15.7792,-47.8768,2025-05-11,1
37214,5433614,4490,Dall'Oca ImÃ³veis,Aluguel,Apartamento,112.0,ASA NORTE,BRASILIA,5800.0,51.0,2.0,2.0,-15.7666,-47.8837,2025-05-11,7
37439,5433838,710827,Agropar NetimÃ³veis,Aluguel,Apartamento,31.0,ASA NORTE,BRASILIA,1750.0,56.0,1.0,0.0,-15.7574,-47.8954,2025-05-11,0
37457,5433856,VK3562,TRK ImÃ³veis,Aluguel,Apartamento,98.0,ASA NORTE,BRASILIA,7500.0,76.0,3.0,1.0,-15.7541,-47.8889,2025-05-11,2
37488,5433887,VILLA74073A01,Virtual ImobiliÃ¡ria,Aluguel,Apartamento,60.0,ASA NORTE,BRASILIA,4900.0,81.0,2.0,0.0,-15.7456,-47.8946,2025-05-11,8
37498,5433897,1076945,Agropar NetimÃ³veis,Aluguel,Apartamento,60.0,ASA NORTE,BRASILIA,2600.0,43.0,2.0,0.0,-15.7703,-47.8899,2025-05-11,1
37529,5433928,03517,Plano ImobiliÃ¡ria,Aluguel,Apartamento,30.0,ASA NORTE,BRASILIA,1400.0,46.0,1.0,0.0,-15.7813,-47.8899,2025-05-11,1
37637,5434036,1149848,Urbania,Aluguel,Apartamento,68.0,ASA NORTE,BRASILIA,4600.0,67.0,2.0,0.0,-15.7394,-47.8867,2025-05-11,4
37659,5434058,1153509,Victor Cruz NegÃ³cios ImobiliÃ¡rios,Aluguel,Apartamento,32.0,ASA NORTE,BRASILIA,2100.0,65.0,1.0,1.0,-15.7448,-47.9013,2025-05-11,4
37679,5434078,1157290,JÃºpiter EscritÃ³rio ImobiliÃ¡rio,Aluguel,Apartamento,65.0,ASA NORTE,BRASILIA,2700.0,41.0,2.0,0.0,-15.7407,-47.9009,2025-05-11,3
37681,5434080,AP0008,Leopoldo Nascimento Empreendimentos ImobiliÃ¡rios,Aluguel,Apartamento,150.0,ASA NORTE,BRASILIA,5500.0,36.0,4.0,1.0,-15.7824,-47.8783,2025-05-11,3
37683,5434082,1140007,Paulo Octavio Aluguel,Aluguel,Apartamento,158.0,ASA NORTE,BRASILIA,7200.0,45.0,2.0,2.0,-15.7502,-47.8859,2025-05-11,1
37742,5434140,1156732,Greisson Luis RosÃ¡rio da Cruz,Aluguel,Apartamento,75.0,ASA NORTE,BRASILIA,3600.0,48.0,3.0,0.0,-15.7792,-47.8768,2025-05-11,1
37764,5434162,AP0295,Marco Real Estate,Aluguel,Apartamento,21.0,ASA NORTE,BRASILIA,900.0,42.0,1.0,0.0,-15.7465,-47.8912,2025-05-11,1
37789,5434187,AP0531,Futura Consultoria e NegÃ³cios,Aluguel,Apartamento,109.0,ASA NORTE,BRASILIA,5000.0,45.0,3.0,1.0,-15.7694,-47.8878,2025-05-11,1
37823,5434221,AP0249,Samantha ImÃ³veis,Aluguel,Apartamento,38.0,ASA NORTE,BRASILIA,3200.0,84.0,1.0,1.0,-15.7813,-47.8899,2025-05-11,8
37825,5434223,880161008-53,RE/MAX LC&A,Aluguel,Apartamento,78.0,ASA NORTE,BRASILIA,4000.0,51.0,3.0,0.0,-15.7723,-47.8767,2025-05-11,7
37827,5434225,880161008-54,RE/MAX LC&A,Aluguel,Apartamento,144.0,ASA NORTE,BRASILIA,6500.0,45.0,3.0,1.0,-15.7767,-47.8864,2025-05-11,1
37831,5434229,AP0215,Samantha ImÃ³veis,Aluguel,Apartamento,44.0,ASA NORTE,BRASILIA,2300.0,52.0,1.0,0.0,-15.7477,-47.9014,2025-05-11,7
37870,5434268,031670L-DFI,DDA DiÃ³genes,Aluguel,Apartamento,35.0,ASA NORTE,BRASILIA,1550.0,44.0,1.0,0.0,-15.751,-47.8962,2025-05-11,1
37880,5434278,AP00068,GPA ImÃ³veis,Aluguel,Apartamento,135.0,ASA NORTE,BRASILIA,4000.0,29.0,4.0,0.0,-15.762,-47.8781,2025-05-11,5
37968,5434366,289685,Eliane Pinheiro Imoveis,Aluguel,Apartamento,46.0,ASA NORTE,BRASILIA,3000.0,65.0,1.0,0.0,-15.7385,-47.8998,2025-05-11,4
37986,5434383,789572,Moni Netimoveis,Aluguel,Apartamento,61.0,ASA NORTE,BRASILIA,2900.0,47.0,2.0,0.0,-15.7367,-47.887,2025-05-11,1
37993,5434390,AP0128,CalhÃ¡o ImÃ³veis,Aluguel,Apartamento,28.0,ASA NORTE,BRASILIA,1300.0,46.0,1.0,0.0,-15.7453,-47.8992,2025-05-11,1
38052,5434449,AP0101,ABC Imoveis,Aluguel,Apartamento,30.0,ASA NORTE,BRASILIA,1390.0,46.0,1.0,1.0,-15.7543,-47.9006,2025-05-11,1
38170,5434567,00536,Plano ImobiliÃ¡ria,Aluguel,Apartamento,100.0,ASA NORTE,BRASILIA,5250.0,52.0,3.0,1.0,-15.7532,-47.8838,2025-05-11,7
38221,5434618,197,Amigo ImÃ³veis,Aluguel,Apartamento,29.0,ASA NORTE,BRASILIA,1650.0,56.0,2.0,0.0,-15.7802,-47.876,2025-05-11,0
38230,5434627,2820,Dall'Oca ImÃ³veis,Aluguel,Apartamento,35.0,ASA NORTE,BRASILIA,1100.0,31.0,1.0,0.0,-15.7605,-47.8929,2025-05-11,5
38261,5434658,AP1103,Alessandro Jardim,Aluguel,Apartamento,124.0,ASA NORTE,BRASILIA,5600.0,45.0,3.0,1.0,-15.7672,-47.8877,2025-05-11,1
38366,5434763,CO4355,Coemi ImÃ³veis,Aluguel,Apartamento,44.0,ASA NORTE,BRASILIA,2500.0,56.0,2.0,0.0,-15.7555,-47.881,2025-05-11,0
38388,5434785,2082573,APGRIOBRANCO imÃ³veis,Aluguel,Apartamento,63.0,ASA NORTE,BRASILIA,2600.0,41.0,2.0,0.0,-15.7387,-47.9012,2025-05-11,3
38398,5434795,AP0372A,Artiaga ImÃ³veis,Aluguel,Apartamento,139.0,ASA NORTE,BRASILIA,5698.0,40.0,4.0,1.0,-15.7585,-47.8836,2025-05-11,3
38418,5434815,1103951,Sonia NetimÃ³veis,Aluguel,Apartamento,67.0,ASA NORTE,BRASILIA,3800.0,56.0,2.0,1.0,-15.7399,-47.8899,2025-05-11,0
38436,5434832,880131003-212,RE/MAX Super,Aluguel,Apartamento,60.0,ASA NORTE,BRASILIA,3200.0,53.0,2.0,0.0,-15.776,-47.8907,2025-05-11,7
38565,5434961,AP0606,ImobiliÃ¡ria Real,Aluguel,Apartamento,128.0,ASA NORTE,BRASILIA,5600.0,43.0,3.0,0.0,-15.7388,-47.8977,2025-05-11,1
38621,5435017,AC1011,Acontece ImobiliÃ¡ria,Aluguel,Apartamento,40.0,ASA NORTE,BRASILIA,3100.0,77.0,1.0,1.0,53.912,38.557,2025-05-11,2
38742,5435138,390686,HabitaÃ§Ã£o ImobiliÃ¡ria,Aluguel,Apartamento,28.0,ASA NORTE,BRASILIA,1500.0,53.0,1.0,0.0,-15.7385,-47.8998,2025-05-11,7
38755,5435151,2797,Dall'Oca ImÃ³veis,Aluguel,Apartamento,60.0,ASA NORTE,BRASILIA,3800.0,63.0,2.0,1.0,-15.7509,-47.8888,2025-05-11,6
38767,5435163,1090837,Agropar NetimÃ³veis,Aluguel,Apartamento,78.0,ASA NORTE,BRASILIA,4800.0,61.0,3.0,0.0,-15.7705,-47.8778,2025-05-11,6
38795,5435191,1156848,Aldeia ImÃ³veis,Aluguel,Apartamento,70.0,ASA NORTE,BRASILIA,4000.0,57.0,3.0,0.0,-15.756,-47.8805,2025-05-11,0
38804,5435200,1157383,Ana Maria,Aluguel,Apartamento,50.0,ASA NORTE,BRASILIA,2750.0,55.0,2.0,0.0,-15.7416,-47.9004,2025-05-11,0
38806,5435202,VILLA81398A01,Virtual ImobiliÃ¡ria,Aluguel,Apartamento,74.0,ASA NORTE,BRASILIA,5100.0,68.0,2.0,1.0,-15.7607,-47.8905,2025-05-11,4
38815,5435211,947689,Brasilis NetimÃ³veis,Aluguel,Apartamento,39.0,ASA NORTE,BRASILIA,1500.0,38.0,1.0,0.0,-15.7662,-47.8751,2025-05-11,3
38824,5435220,031669L-DFI,DDA DiÃ³genes,Aluguel,Apartamento,130.0,ASA NORTE,BRASILIA,6000.0,46.0,3.0,1.0,-15.7786,-47.8801,2025-05-11,1
38857,5435253,RRO46,Rodolfo ImÃ³veis,Aluguel,Apartamento,92.0,ASA NORTE,BRASILIA,5000.0,54.0,3.0,1.0,-15.7488,-47.8936,2025-05-11,7
38864,5435260,AP0487,Luzia Mello ImÃ³veis,Aluguel,Apartamento,45.0,ASA NORTE,BRASILIA,2500.0,55.0,2.0,1.0,-15.7796,-47.8908,2025-05-11,0
38891,5435287,1149359,Reverendo EscritÃ³rio ImobiliÃ¡rio,Aluguel,Apartamento,95.0,ASA NORTE,BRASILIA,3900.0,41.0,3.0,0.0,-15.7528,-47.8816,2025-05-11,3
38939,5435335,2006CULL31108,INVEST FLAT,Aluguel,Apartamento,39.0,ASA NORTE,BRASILIA,3100.0,79.0,1.0,0.0,-15.7898,-47.8899,2025-05-11,8
39013,5435410,AP0257,ABC Imoveis,Aluguel,Apartamento,30.0,ASA NORTE,BRASILIA,1590.0,53.0,1.0,0.0,-15.7799,-47.8759,2025-05-11,7
39062,5435459,AC561,Acontece ImobiliÃ¡ria,Aluguel,Apartamento,80.0,ASA NORTE,BRASILIA,3600.0,45.0,2.0,1.0,-15.761,-47.8913,2025-05-11,1
39078,5435475,880261060-192,RE/MAX Pater,Aluguel,Apartamento,60.0,ASA NORTE,BRASILIA,4200.0,70.0,2.0,0.0,-15.7819,-47.8752,2025-05-11,4
39120,5435517,1157256,MendonÃ§a ImÃ³veis,Aluguel,Apartamento,28.0,ASA NORTE,BRASILIA,2100.0,75.0,1.0,0.0,-15.7497,-47.8963,2025-05-11,2
39147,5435544,AP00895,ImobiliÃ¡ria Zoom,Aluguel,Apartamento,48.0,ASA NORTE,BRASILIA,2350.0,48.0,1.0,0.0,-15.7837,-47.8783,2025-05-11,1
39148,5435545,1149855,KR Real State,Aluguel,Apartamento,45.0,ASA NORTE,BRASILIA,2700.0,60.0,1.0,0.0,-15.7364,-47.8898,2025-05-11,6
39228,5435625,1097505,Precisa NetimÃ³veis,Aluguel,Apartamento,30.0,ASA NORTE,BRASILIA,1200.0,40.0,1.0,0.0,-15.7577,-47.894,2025-05-11,3
39238,5435635,CO9370,Coemi ImÃ³veis,Aluguel,Apartamento,62.0,ASA NORTE,BRASILIA,3600.0,58.0,2.0,0.0,-15.7367,-47.887,2025-05-11,0
39253,5435650,1060826,WR imobiliÃ¡ria,Aluguel,Apartamento,50.0,ASA NORTE,BRASILIA,1900.0,38.0,2.0,0.0,-15.7533,-47.8952,2025-05-11,3
39337,5435734,977024,Pires ImÃ³veis,Aluguel,Apartamento,72.0,ASA NORTE,BRASILIA,4300.0,59.0,3.0,1.0,-15.7661,-47.8856,2025-05-11,6
39424,5435821,2169330,Drumond ImÃ³veis,Aluguel,Apartamento,45.0,ASA NORTE,BRASILIA,2400.0,53.0,2.0,0.0,-15.763,-47.8935,2025-05-11,7
39437,5435834,1078688,Correta ImobiliÃ¡ria,Aluguel,Apartamento,45.0,ASA NORTE,BRASILIA,1300.0,28.0,1.0,0.0,-15.7722,-47.8891,2025-05-11,5
39489,5435886,P2806,Pilotis Vendas,Aluguel,Apartamento,23.0,ASA NORTE,BRASILIA,1000.0,43.0,1.0,0.0,-15.7591,-47.8875,2025-05-11,1
39518,5435915,1094086,Agropar NetimÃ³veis,Aluguel,Apartamento,73.0,ASA NORTE,BRASILIA,3800.0,52.0,3.0,0.0,-15.7696,-47.892,2025-05-11,7
39527,5435924,3864,Dall'Oca ImÃ³veis,Aluguel,Apartamento,30.0,ASA NORTE,BRASILIA,1400.0,46.0,1.0,1.0,-15.7662,-47.8751,2025-05-11,1
39551,5435948,CO9320,Coemi ImÃ³veis,Aluguel,Apartamento,132.0,ASA NORTE,BRASILIA,5500.0,41.0,2.0,1.0,-15.7504,-47.8892,2025-05-11,3
39591,5435988,AC2265,Acontece ImobiliÃ¡ria,Aluguel,Apartamento,140.0,ASA NORTE,BRASILIA,4500.0,32.0,3.0,0.0,-15.7436,-47.8963,2025-05-11,5
39603,5436000,106,Christian Corretor de ImÃ³veis,Aluguel,Apartamento,115.0,ASA NORTE,BRASILIA,5490.0,47.0,3.0,0.0,-15.7726,-47.8836,2025-05-11,1
39606,5436003,1144699,Marcelo Rodrigues Soares  Corretor de imÃ³veis,Aluguel,Apartamento,40.0,ASA NORTE,BRASILIA,2000.0,50.0,1.0,0.0,-15.7634,-47.8928,2025-05-11,7
39635,5436032,AP1153,Alessandro Jardim,Aluguel,Apartamento,112.0,ASA NORTE,BRASILIA,4900.0,43.0,3.0,1.0,-15.7755,-47.883,2025-05-11,1
39638,5436035,AM446,Amaral ImÃ³veis,Aluguel,Apartamento,132.0,ASA NORTE,BRASILIA,8000.0,60.0,4.0,1.0,-15.7816,-47.8786,2025-05-11,6
39645,5436042,02285L-DFI,DDA DiÃ³genes,Aluguel,Apartamento,30.0,ASA NORTE,BRASILIA,1250.0,41.0,1.0,0.0,-15.751,-47.8962,2025-05-11,3
39665,5436062,1125694,3A imobiliÃ¡ria Dalmo&Dailton,Aluguel,Apartamento,120.0,ASA NORTE,BRASILIA,8000.0,66.0,3.0,1.0,-15.7684,-47.8801,2025-05-11,4
39687,5436084,1156718,Latitude 15Âº ImÃ³veis,Aluguel,Apartamento,74.0,ASA NORTE,BRASILIA,3200.0,43.0,2.0,0.0,-15.7696,-47.892,2025-05-11,1
39693,5436090,0003177L-DFI,DDA DiÃ³genes,Aluguel,Apartamento,32.0,ASA NORTE,BRASILIA,1200.0,37.0,1.0,0.0,-15.7456,-47.8975,2025-05-11,3
39713,5436110,1151446,BSB House ImÃ³veis,Aluguel,Apartamento,56.0,ASA NORTE,BRASILIA,2400.0,42.0,2.0,0.0,-15.7533,-47.8952,2025-05-11,1
39722,5436119,964,Liberty ImÃ³veis,Aluguel,Apartamento,130.0,ASA NORTE,BRASILIA,5700.0,43.0,3.0,2.0,-15.7529,-47.8847,2025-05-11,1
39757,5436154,1127979,Prospera ImÃ³veis,Aluguel,Apartamento,48.0,ASA NORTE,BRASILIA,1100.0,22.0,1.0,0.0,-15.7684,-47.8865,2025-05-11,5
65551,5530366,AC3300,,Aluguel,Apartamento,50.0,ASA NORTE,BRASILIA,2200.0,44.0,0.0,0.0,-15.739,-47.8892,2025-07-27,1
116698,5513051,00042,,Aluguel,Apartamento,32.0,ASA NORTE,BRASILIA,2750.0,84.0,0.0,2.0,-15.7598,-47.8977,2025-07-27,8
116782,5513135,1173079,,Aluguel,Apartamento,133.0,ASA NORTE,BRASILIA,7000.0,52.0,0.0,1.0,-15.7816,-47.8786,2025-07-27,7
116797,5513150,690866,,Aluguel,Apartamento,68.0,ASA NORTE,BRASILIA,3500.0,51.0,0.0,1.0,-15.7451,-47.8935,2025-07-27,7
117863,5514219,1039877,,Aluguel,Apartamento,163.0,ASA NORTE,BRASILIA,10000.0,61.0,0.0,1.0,-15.7502,-47.8859,2025-07-27,6
118288,5514644,AP0023,,Aluguel,Apartamento,102.0,ASA NORTE,BRASILIA,6500.0,63.0,0.0,1.0,-15.748,-47.8942,2025-07-27,6
118331,5514687,209,,Aluguel,Apartamento,97.0,ASA NORTE,BRASILIA,6000.0,61.0,0.0,1.0,-15.7626,-47.88,2025-07-27,6
118593,5514949,1049394,,Aluguel,Apartamento,122.0,ASA NORTE,BRASILIA,6300.0,51.0,0.0,1.0,-15.7682,-47.8883,2025-07-27,7
118631,5514987,AP0035A,,Aluguel,Apartamento,45.0,ASA NORTE,BRASILIA,1600.0,35.0,0.0,0.0,-15.7472,-47.8967,2025-07-27,3
118736,5515092,724223,,Aluguel,Apartamento,25.0,ASA NORTE,BRASILIA,1850.0,74.0,0.0,1.0,-15.757,-47.8997,2025-07-27,2
119016,5515372,216,,Aluguel,Apartamento,44.0,ASA NORTE,BRASILIA,3500.0,79.0,0.0,0.0,-15.737,-47.891,2025-07-27,8
119529,5515885,TRG0067,,Aluguel,Apartamento,26.0,ASA NORTE,BRASILIA,1700.0,65.0,0.0,1.0,-15.7662,-47.8751,2025-07-27,4
119776,5516133,1185694,,Aluguel,Apartamento,127.0,ASA NORTE,BRASILIA,9350.0,73.0,0.0,1.0,-15.7588,-47.8842,2025-07-27,2
119784,5516141,CO0015A,,Aluguel,Apartamento,197.0,ASA NORTE,BRASILIA,9500.0,48.0,0.0,2.0,-15.7529,-47.8847,2025-07-27,1
119787,5516144,TH32878,,Aluguel,Apartamento,38.0,ASA NORTE,BRASILIA,2000.0,52.0,1.0,0.0,-15.7453,-47.898,2025-07-27,7
119816,5516173,1186386,,Aluguel,Apartamento,100.0,ASA NORTE,BRASILIA,6500.0,64.0,0.0,1.0,-15.7396,-47.8942,2025-07-27,4
119824,5516181,1196303,,Aluguel,Apartamento,45.0,ASA NORTE,BRASILIA,2790.0,62.0,0.0,1.0,-15.7383,-47.8896,2025-07-27,6
119877,5516234,706202,,Aluguel,Apartamento,47.0,ASA NORTE,BRASILIA,3100.0,65.0,0.0,0.0,-15.7694,-47.8911,2025-07-27,4
119932,5516289,1200563,,Aluguel,Apartamento,160.0,ASA NORTE,BRASILIA,9200.0,57.0,0.0,1.0,-15.7797,-47.8869,2025-07-27,0
120025,5516382,SP954,,Aluguel,Apartamento,112.0,ASA NORTE,BRASILIA,6000.0,53.0,0.0,1.0,-15.7576,-47.8905,2025-07-27,7
120077,5516434,1196392,,Aluguel,Apartamento,55.0,ASA NORTE,BRASILIA,2000.0,36.0,0.0,0.0,-15.7612,-47.8927,2025-07-27,3
120178,5516535,CO8466,,Aluguel,Apartamento,127.0,ASA NORTE,BRASILIA,9900.0,77.0,0.0,2.0,-15.7466,-47.8923,2025-07-27,2
120235,5516592,LIVE2189,,Aluguel,Apartamento,42.0,ASA NORTE,BRASILIA,3600.0,85.0,0.0,1.0,-15.754,-47.8958,2025-07-27,8
120426,5516783,1193629,,Aluguel,Apartamento,100.0,ASA NORTE,BRASILIA,6490.0,64.0,0.0,1.0,0.0,0.0,2025-07-27,4
120564,5516921,FB0001,,Aluguel,Apartamento,158.0,ASA NORTE,BRASILIA,7200.0,45.0,0.0,2.0,-15.7502,-47.8859,2025-07-27,1
120686,5517043,331774,,Aluguel,Apartamento,65.0,ASA NORTE,BRASILIA,3800.0,58.0,0.0,1.0,-15.7823,-47.874,2025-07-27,0
120806,5517163,290975,,Aluguel,Apartamento,34.0,ASA NORTE,BRASILIA,1800.0,52.0,0.0,0.0,-15.7514,-47.8849,2025-07-27,7
120927,5517284,119L-DFI,,Aluguel,Apartamento,64.0,ASA NORTE,BRASILIA,3800.0,59.0,0.0,1.0,-15.7793,-47.8867,2025-07-27,6
121060,5517417,AP0235,,Aluguel,Apartamento,35.0,ASA NORTE,BRASILIA,2000.0,57.0,0.0,0.0,-15.7749,-47.8903,2025-07-27,0
121480,5517837,10889,,Aluguel,Apartamento,162.0,ASA NORTE,BRASILIA,10000.0,61.0,0.0,1.0,-15.7495,-47.8858,2025-07-27,6
121485,5517842,M1186060,,Aluguel,Apartamento,68.0,ASA NORTE,BRASILIA,4000.0,58.0,0.0,0.0,-15.7513,-47.8832,2025-07-27,0
121546,5517903,AP2404A,,Aluguel,Apartamento,95.0,ASA NORTE,BRASILIA,6500.0,68.0,0.0,1.0,-15.7794,-47.8787,2025-07-27,4
121633,5517990,732439,,Aluguel,Apartamento,107.0,ASA NORTE,BRASILIA,5800.0,54.0,0.0,1.0,-15.7375,-47.8901,2025-07-27,7
128059,5524439,1199251,,Aluguel,Apartamento,75.0,ASA NORTE,BRASILIA,4200.0,56.0,0.0,1.0,-15.7502,-47.8859,2025-07-27,0
128072,5524452,106,,Aluguel,Apartamento,115.0,ASA NORTE,BRASILIA,5490.0,47.0,0.0,0.0,-15.7726,-47.8836,2025-07-27,1
128347,5524727,1194374,,Aluguel,Apartamento,66.0,ASA NORTE,BRASILIA,4000.0,60.0,0.0,1.0,-15.7401,-47.8957,2025-07-27,6
128484,5524864,708405,,Aluguel,Apartamento,60.0,ASA NORTE,BRASILIA,3300.0,55.0,2.0,0.0,-15.7656,-47.8783,2025-07-27,0
128958,5525338,1114309,,Aluguel,Apartamento,123.0,ASA NORTE,BRASILIA,5950.0,48.0,0.0,1.0,-15.7557,-47.8833,2025-07-27,1
129111,5525491,2457,,Aluguel,Apartamento,95.0,ASA NORTE,BRASILIA,5500.0,57.0,0.0,1.0,-15.772,-47.886,2025-07-27,0
129176,5525556,1199561,,Aluguel,Apartamento,50.0,ASA NORTE,BRASILIA,1800.0,36.0,0.0,0.0,-15.7516,-47.8965,2025-07-27,3
129230,5525610,1050,,Aluguel,Apartamento,125.0,ASA NORTE,BRASILIA,5800.0,46.0,0.0,0.0,-15.7754,-47.8823,2025-07-27,1
129486,5525866,1201166,,Aluguel,Apartamento,35.0,ASA NORTE,BRASILIA,1300.0,37.0,0.0,0.0,0.0,0.0,2025-07-27,3
129541,5525921,1199473,,Aluguel,Apartamento,42.0,ASA NORTE,BRASILIA,3500.0,83.0,0.0,1.0,-15.7401,-47.8976,2025-07-27,8
129558,5525938,168,,Aluguel,Apartamento,55.0,ASA NORTE,BRASILIA,4100.0,74.0,0.0,1.0,-15.776,-47.8907,2025-07-27,2
130065,5526452,RRO469,,Aluguel,Apartamento,22.0,ASA NORTE,BRASILIA,1300.0,59.0,0.0,0.0,-15.7665,-47.8775,2025-07-27,6
130069,5526456,714719,,Aluguel,Apartamento,65.0,ASA NORTE,BRASILIA,3800.0,58.0,2.0,0.0,-15.75,-47.8831,2025-07-27,0
130101,5526488,AC1535,,Aluguel,Apartamento,70.0,ASA NORTE,BRASILIA,3300.0,47.0,0.0,1.0,-15.7404,-47.8901,2025-07-27,1
130198,5526585,2065AP00012,,Aluguel,Apartamento,102.0,ASA NORTE,BRASILIA,7700.0,75.0,0.0,1.0,-15.7602,-47.8892,2025-07-27,2
130254,5526641,930620,,Aluguel,Apartamento,90.0,ASA NORTE,BRASILIA,4200.0,46.0,0.0,0.0,-15.7523,-47.8937,2025-07-27,1
130942,5527329,1033980,,Aluguel,Apartamento,52.0,ASA NORTE,BRASILIA,3150.0,60.0,0.0,0.0,-15.7703,-47.8899,2025-07-27,6
130953,5527340,AC3582,,Aluguel,Apartamento,72.0,ASA NORTE,BRASILIA,4500.0,62.0,0.0,1.0,-15.7509,-47.8888,2025-07-27,6
130978,5527365,1039877,,Aluguel,Apartamento,163.0,ASA NORTE,BRASILIA,10000.0,61.0,0.0,1.0,-15.7502,-47.8859,2025-07-27,6
130997,5527384,2006CULL31108,,Aluguel,Apartamento,39.0,ASA NORTE,BRASILIA,2700.0,69.0,0.0,0.0,-15.7898,-47.8899,2025-07-27,4
131018,5527405,TH32878,,Aluguel,Apartamento,38.0,ASA NORTE,BRASILIA,2000.0,52.0,1.0,0.0,-15.7453,-47.898,2025-07-27,7
131024,5527411,1196392,,Aluguel,Apartamento,55.0,ASA NORTE,BRASILIA,2000.0,36.0,0.0,0.0,-15.7612,-47.8927,2025-07-27,3
131032,5527419,FB0001,,Aluguel,Apartamento,158.0,ASA NORTE,BRASILIA,7200.0,45.0,0.0,2.0,-15.7502,-47.8859,2025-07-27,1
131104,5527491,28658,,Aluguel,Apartamento,70.0,ASA NORTE,BRASILIA,4750.0,67.0,2.0,0.0,-15.761,-47.8913,2025-07-27,4
131121,5527508,FL0407,,Aluguel,Apartamento,129.0,ASA NORTE,BRASILIA,9200.0,71.0,0.0,2.0,-15.7613,-47.8829,2025-07-27,2
131218,5527605,AC1011,,Aluguel,Apartamento,40.0,ASA NORTE,BRASILIA,3100.0,77.0,0.0,1.0,53.912,38.557,2025-07-27,2
131244,5527631,62478,,Aluguel,Apartamento,30.0,ASA NORTE,BRASILIA,1300.0,43.0,0.0,0.0,-15.7461,-47.8975,2025-07-27,1
131312,5527699,1200020,,Aluguel,Apartamento,33.0,ASA NORTE,BRASILIA,1700.0,51.0,0.0,0.0,-15.7696,-47.892,2025-07-27,7
131328,5527715,947870,,Aluguel,Apartamento,105.0,ASA NORTE,BRASILIA,5400.0,51.0,0.0,1.0,-15.7488,-47.8936,2025-07-27,7
131365,5527752,27260,,Aluguel,Apartamento,39.0,ASA NORTE,BRASILIA,1700.0,43.0,0.0,1.0,-15.7662,-47.8751,2025-07-27,1
131466,5527853,1198436,,Aluguel,Apartamento,75.0,ASA NORTE,BRASILIA,4800.0,64.0,0.0,0.0,-15.755,-47.8806,2025-07-27,4
131467,5527854,1195953,,Aluguel,Apartamento,44.0,ASA NORTE,BRASILIA,3600.0,81.0,0.0,0.0,-15.7365,-47.8902,2025-07-27,8
131495,5527882,879143,,Aluguel,Apartamento,80.0,ASA NORTE,BRASILIA,4500.0,56.0,0.0,1.0,-15.7428,-47.888,2025-07-27,0
131540,5527927,EL1482,,Aluguel,Apartamento,90.0,ASA NORTE,BRASILIA,4600.0,51.0,0.0,1.0,-15.7371,-47.8912,2025-07-27,7
131592,5527979,919090,,Aluguel,Apartamento,128.0,ASA NORTE,BRASILIA,5590.0,43.0,0.0,1.0,-15.7391,-47.8937,2025-07-27,1
131597,5527984,VILLA151785A01,,Aluguel,Apartamento,95.0,ASA NORTE,BRASILIA,5500.0,57.0,0.0,1.0,-15.7793,-47.8867,2025-07-27,0
131664,5528051,AP0215,,Aluguel,Apartamento,44.0,ASA NORTE,BRASILIA,2300.0,52.0,0.0,0.0,-15.7477,-47.9014,2025-07-27,7
131666,5528053,2041119D,,Aluguel,Apartamento,28.0,ASA NORTE,BRASILIA,1700.0,60.0,0.0,1.0,0.0,0.0,2025-07-27,6
131837,5528224,1140008,,Aluguel,Apartamento,135.0,ASA NORTE,BRASILIA,5900.0,43.0,0.0,1.0,-15.7388,-47.8977,2025-07-27,1
131926,5528316,2169348,,Aluguel,Apartamento,75.0,ASA NORTE,BRASILIA,3600.0,48.0,0.0,1.0,-15.7509,-47.8888,2025-07-27,1
131938,5528328,RRO436,,Aluguel,Apartamento,100.0,ASA NORTE,BRASILIA,4500.0,45.0,0.0,1.0,0.0,0.0,2025-07-27,1
131968,5528358,AC3516,,Aluguel,Apartamento,25.0,ASA NORTE,BRASILIA,1900.0,76.0,0.0,0.0,-15.757,-47.8997,2025-07-27,2
132046,5528436,1059L-DFI,,Aluguel,Apartamento,40.0,ASA NORTE,BRASILIA,1300.0,32.0,2.0,0.0,-15.759,-47.8929,2025-07-27,5
132062,5528452,1198076,,Aluguel,Apartamento,40.0,ASA NORTE,BRASILIA,2100.0,52.0,0.0,0.0,-15.7696,-47.892,2025-07-27,7
132090,5528480,CO5749,,Aluguel,Apartamento,96.0,ASA NORTE,BRASILIA,6000.0,62.0,3.0,1.0,-15.755,-47.8908,2025-07-27,6
132135,5528525,893946,,Aluguel,Apartamento,45.0,ASA NORTE,BRASILIA,1380.0,30.0,0.0,0.0,-15.7569,-47.8941,2025-07-27,5
132302,5528692,801131,,Aluguel,Apartamento,181.0,ASA NORTE,BRASILIA,9200.0,50.0,0.0,1.0,-15.7695,-47.8833,2025-07-27,7
132341,5528731,668059,,Aluguel,Apartamento,25.0,ASA NORTE,BRASILIA,1800.0,72.0,1.0,1.0,-15.7559,-47.8981,2025-07-27,2
132376,5528766,AC3550,,Aluguel,Apartamento,30.0,ASA NORTE,BRASILIA,1200.0,40.0,0.0,0.0,-15.7538,-47.8818,2025-07-27,3
132415,5528805,129,,Aluguel,Apartamento,85.0,ASA NORTE,BRASILIA,3750.0,44.0,0.0,1.0,-15.7511,-47.8935,2025-07-27,1
132538,5528928,OV244,,Aluguel,Apartamento,115.0,ASA NORTE,BRASILIA,5500.0,47.0,0.0,1.0,-15.758,-47.8906,2025-07-27,1
132558,5528948,rob716,,Aluguel,Apartamento,32.0,ASA NORTE,BRASILIA,2000.0,62.0,0.0,0.0,-15.7385,-47.9007,2025-07-27,6
132574,5528964,708,,Aluguel,Apartamento,51.0,ASA NORTE,BRASILIA,3100.0,60.0,0.0,1.0,-15.7639,-47.8933,2025-07-27,6
132593,5528983,880131002-129,,Aluguel,Apartamento,72.0,ASA NORTE,BRASILIA,4500.0,62.0,0.0,1.0,-15.762,-47.8909,2025-07-27,6
132643,5529033,AP0006,,Aluguel,Apartamento,110.0,ASA NORTE,BRASILIA,5500.0,50.0,0.0,1.0,-15.7484,-47.8908,2025-07-27,7
132719,5529109,20412846,,Aluguel,Apartamento,96.0,ASA NORTE,BRASILIA,4500.0,46.0,0.0,0.0,-15.7583,-47.8796,2025-07-27,1
132722,5529112,1140671,,Aluguel,Apartamento,130.0,ASA NORTE,BRASILIA,10000.0,76.0,0.0,2.0,-15.7613,-47.8829,2025-07-27,2
132779,5529169,RRO696,,Aluguel,Apartamento,30.0,ASA NORTE,BRASILIA,1200.0,40.0,0.0,0.0,-15.7389,-47.9007,2025-07-27,3
132810,5529200,AP0269,,Aluguel,Apartamento,44.0,ASA NORTE,BRASILIA,2670.0,60.0,0.0,0.0,-15.7477,-47.9014,2025-07-27,6
132847,5529237,PIN00745,,Aluguel,Apartamento,60.0,ASA NORTE,BRASILIA,1600.0,26.0,0.0,0.0,-15.7523,-47.8955,2025-07-27,5
132863,5529253,AP00168,,Aluguel,Apartamento,78.0,ASA NORTE,BRASILIA,4300.0,55.0,3.0,0.0,-15.7748,-47.8763,2025-07-27,0
132903,5529293,P3249A,,Aluguel,Apartamento,100.0,ASA NORTE,BRASILIA,6300.0,63.0,0.0,1.0,-15.7396,-47.8942,2025-07-27,6
133121,5529511,1110239,,Aluguel,Apartamento,104.0,ASA NORTE,BRASILIA,4200.0,40.0,3.0,0.0,-15.7657,-47.8783,2025-07-27,3
133181,5529571,AP0007,,Aluguel,Apartamento,28.0,ASA NORTE,BRASILIA,1100.0,39.0,0.0,1.0,-15.7543,-47.9006,2025-07-27,3
133218,5529608,AP0214,,Aluguel,Apartamento,27.0,ASA NORTE,BRASILIA,1600.0,59.0,0.0,1.0,-15.736,-47.9053,2025-07-27,6
133273,5529663,FAL1097,,Aluguel,Apartamento,27.0,ASA NORTE,BRASILIA,1900.0,70.0,0.0,1.0,-15.7662,-47.8751,2025-07-27,4
133280,5529670,TH28422,,Aluguel,Apartamento,58.0,ASA NORTE,BRASILIA,2400.0,41.0,1.0,0.0,-15.737,-47.891,2025-07-27,3
133318,5529708,1140007,,Aluguel,Apartamento,158.0,ASA NORTE,BRASILIA,7200.0,45.0,0.0,2.0,-15.7502,-47.8859,2025-07-27,1
133325,5529715,1200724,,Aluguel,Apartamento,100.0,ASA NORTE,BRASILIA,8000.0,80.0,0.0,2.0,-15.7413,-47.8839,2025-07-27,8
133432,5529822,1200560,,Aluguel,Apartamento,35.0,ASA NORTE,BRASILIA,1300.0,37.0,0.0,0.0,-15.7391,-47.9013,2025-07-27,3
133442,5529832,188,,Aluguel,Apartamento,36.0,ASA NORTE,BRASILIA,1690.0,46.0,0.0,0.0,-15.753,-47.881,2025-07-27,1
133452,5529842,AP01562,,Aluguel,Apartamento,140.0,ASA NORTE,BRASILIA,5900.0,42.0,0.0,0.0,-15.7388,-47.8977,2025-07-27,1
133474,5529864,884122,,Aluguel,Apartamento,45.0,ASA NORTE,BRASILIA,2490.0,55.0,0.0,0.0,-15.754,-47.8807,2025-07-27,0
133486,5529876,sqn202,,Aluguel,Apartamento,169.0,ASA NORTE,BRASILIA,9500.0,56.0,0.0,1.0,-15.7829,-47.8779,2025-07-27,0
133504,5529894,FL15071,,Aluguel,Apartamento,78.0,ASA NORTE,BRASILIA,5700.0,73.0,0.0,1.0,-15.7502,-47.8859,2025-07-27,2
133530,5529920,AP0145,,Aluguel,Apartamento,64.0,ASA NORTE,BRASILIA,3345.0,52.0,3.0,0.0,-15.7376,-47.8872,2025-07-27,7
133599,5529989,AP0273,,Aluguel,Apartamento,27.0,ASA NORTE,BRASILIA,1650.0,61.0,0.0,0.0,-15.7716,-47.8939,2025-07-27,6
133621,5530011,1112393,,Aluguel,Apartamento,68.0,ASA NORTE,BRASILIA,3490.0,51.0,0.0,1.0,-15.7382,-47.8899,2025-07-27,7
133638,5530028,AP0543,,Aluguel,Apartamento,68.0,ASA NORTE,BRASILIA,3700.0,54.0,0.0,0.0,-15.7392,-47.9025,2025-07-27,7
133650,5530040,TH25915,,Aluguel,Apartamento,50.0,ASA NORTE,BRASILIA,1600.0,32.0,1.0,0.0,-15.7453,-47.8992,2025-07-27,5
133699,5530089,VILLA148790A01,,Aluguel,Apartamento,45.0,ASA NORTE,BRASILIA,2100.0,46.0,0.0,0.0,-15.7772,-47.8829,2025-07-27,1
133727,5530117,1180852,,Aluguel,Apartamento,72.0,ASA NORTE,BRASILIA,4000.0,55.0,0.0,1.0,-15.7661,-47.8856,2025-07-27,0
133804,5530194,1108749,,Aluguel,Apartamento,50.0,ASA NORTE,BRASILIA,1900.0,38.0,0.0,0.0,-15.7582,-47.8932,2025-07-27,3
133831,5530221,1184100,,Aluguel,Apartamento,44.0,ASA NORTE,BRASILIA,3500.0,79.0,0.0,1.0,-15.7787,-47.889,2025-07-27,8
133899,5530289,SM967,,Aluguel,Apartamento,83.0,ASA NORTE,BRASILIA,3800.0,45.0,0.0,1.0,-15.7495,-47.8858,2025-07-27,1
134038,5530442,710827,,Aluguel,Apartamento,31.0,ASA NORTE,BRASILIA,1750.0,56.0,1.0,0.0,-15.7574,-47.8954,2025-07-27,0
134226,5530630,1201294,,Aluguel,Apartamento,68.0,ASA NORTE,BRASILIA,3800.0,55.0,2.0,0.0,-15.7513,-47.8832,2025-07-27,0
134232,5530636,00061,,Aluguel,Apartamento,40.0,ASA NORTE,BRASILIA,1500.0,37.0,0.0,0.0,-15.78,-47.8767,2025-07-27,3
134424,5530828,1181629,,Aluguel,Apartamento,110.0,ASA NORTE,BRASILIA,6500.0,59.0,0.0,1.0,-15.7796,-47.8787,2025-07-27,6
134532,5530936,1196756,,Aluguel,Apartamento,123.0,ASA NORTE,BRASILIA,5800.0,47.0,0.0,1.0,-15.7576,-47.8905,2025-07-27,1
134549,5530953,923753,,Aluguel,Apartamento,68.0,ASA NORTE,BRASILIA,4400.0,64.0,0.0,0.0,-15.759,-47.8919,2025-07-27,4
134558,5530962,784532,,Aluguel,Apartamento,200.0,ASA NORTE,BRASILIA,10000.0,50.0,0.0,2.0,-15.7797,-47.8869,2025-07-27,7
134638,5531042,1199251,,Aluguel,Apartamento,75.0,ASA NORTE,BRASILIA,4200.0,56.0,0.0,1.0,-15.7502,-47.8859,2025-07-27,0
134651,5531055,106,,Aluguel,Apartamento,115.0,ASA NORTE,BRASILIA,5490.0,47.0,0.0,0.0,-15.7726,-47.8836,2025-07-27,1
134770,5531174,1194374,,Aluguel,Apartamento,66.0,ASA NORTE,BRASILIA,4000.0,60.0,0.0,1.0,-15.7401,-47.8957,2025-07-27,6
134814,5531218,708405,,Aluguel,Apartamento,60.0,ASA NORTE,BRASILIA,3300.0,55.0,2.0,0.0,-15.7656,-47.8783,2025-07-27,0
135006,5531410,1114309,,Aluguel,Apartamento,123.0,ASA NORTE,BRASILIA,5950.0,48.0,0.0,1.0,-15.7557,-47.8833,2025-07-27,1
135050,5531454,2457,,Aluguel,Apartamento,95.0,ASA NORTE,BRASILIA,5500.0,57.0,0.0,1.0,-15.772,-47.886,2025-07-27,0
135070,5531474,1199561,,Aluguel,Apartamento,50.0,ASA NORTE,BRASILIA,1800.0,36.0,0.0,0.0,-15.7516,-47.8965,2025-07-27,3
135081,5531485,1050,,Aluguel,Apartamento,125.0,ASA NORTE,BRASILIA,5800.0,46.0,0.0,0.0,-15.7754,-47.8823,2025-07-27,1
135204,5531608,1201166,,Aluguel,Apartamento,35.0,ASA NORTE,BRASILIA,1300.0,37.0,0.0,0.0,-15.7384,-47.9001,2025-07-27,3
135205,5531609,,,Aluguel,Apartamento,45.0,ASA NORTE,BRASILIA,2400.0,53.0,0.0,0.0,-15.7712,-47.8757,2025-07-27,7
135242,5531646,1199473,,Aluguel,Apartamento,42.0,ASA NORTE,BRASILIA,3500.0,83.0,0.0,1.0,-15.7401,-47.8976,2025-07-27,8
135269,5531673,168,,Aluguel,Apartamento,55.0,ASA NORTE,BRASILIA,4100.0,74.0,0.0,1.0,-15.776,-47.8907,2025-07-27,2
135294,5531698,683793,,Aluguel,Apartamento,121.0,ASA NORTE,BRASILIA,4700.0,38.0,3.0,0.0,-15.7585,-47.894,2025-07-27,3
135528,5531932,RRO469,,Aluguel,Apartamento,22.0,ASA NORTE,BRASILIA,1300.0,59.0,0.0,0.0,-15.7665,-47.8775,2025-07-27,6
135532,5531936,714719,,Aluguel,Apartamento,65.0,ASA NORTE,BRASILIA,3800.0,58.0,2.0,0.0,-15.75,-47.8831,2025-07-27,0
135547,5531951,AC1535,,Aluguel,Apartamento,70.0,ASA NORTE,BRASILIA,3300.0,47.0,0.0,1.0,-15.7404,-47.8901,2025-07-27,1
135568,5531972,3895,,Aluguel,Apartamento,117.0,ASA NORTE,BRASILIA,5200.0,44.0,0.0,1.0,-15.7533,-47.8841,2025-07-27,1
135590,5531994,AP0081,,Aluguel,Apartamento,130.0,ASA NORTE,BRASILIA,7100.0,54.0,0.0,2.0,-15.7492,-47.8876,2025-07-27,7
135599,5532003,2065AP00012,,Aluguel,Apartamento,102.0,ASA NORTE,BRASILIA,7700.0,75.0,0.0,1.0,-15.7602,-47.8892,2025-07-27,2
135613,5532017,930620,,Aluguel,Apartamento,90.0,ASA NORTE,BRASILIA,4200.0,46.0,0.0,0.0,-15.7523,-47.8937,2025-07-27,1
135737,5532140,AP14204,,Aluguel,Apartamento,120.0,ASA NORTE,BRASILIA,4800.0,40.0,0.0,0.0,-15.746,-47.8981,2025-07-27,3
135851,5532254,1033980,,Aluguel,Apartamento,52.0,ASA NORTE,BRASILIA,3150.0,60.0,0.0,0.0,-15.7703,-47.8899,2025-07-27,6
135861,5532264,AC3582,,Aluguel,Apartamento,72.0,ASA NORTE,BRASILIA,4500.0,62.0,0.0,1.0,-15.7509,-47.8888,2025-07-27,6
135865,5532268,2006CULL31108,,Aluguel,Apartamento,39.0,ASA NORTE,BRASILIA,2700.0,69.0,0.0,0.0,-15.7898,-47.8899,2025-07-27,4
135888,5532291,FL0407,,Aluguel,Apartamento,129.0,ASA NORTE,BRASILIA,9200.0,71.0,0.0,2.0,-15.7613,-47.8829,2025-07-27,2
135921,5532324,AC1011,,Aluguel,Apartamento,40.0,ASA NORTE,BRASILIA,3100.0,77.0,0.0,1.0,53.912,38.557,2025-07-27,2
135987,5532390,1198436,,Aluguel,Apartamento,75.0,ASA NORTE,BRASILIA,4800.0,64.0,0.0,0.0,-15.755,-47.8806,2025-07-27,4
135988,5532391,1195953,,Aluguel,Apartamento,44.0,ASA NORTE,BRASILIA,3600.0,81.0,0.0,0.0,-15.7365,-47.8902,2025-07-27,8
136048,5532451,AP0215,,Aluguel,Apartamento,44.0,ASA NORTE,BRASILIA,2300.0,52.0,0.0,0.0,-15.7477,-47.9014,2025-07-27,7
136050,5532453,,,Aluguel,Apartamento,28.0,ASA NORTE,BRASILIA,1700.0,60.0,0.0,1.0,0.0,0.0,2025-07-27,6
136105,5532510,RRO436,,Aluguel,Apartamento,100.0,ASA NORTE,BRASILIA,4500.0,45.0,0.0,1.0,-15.7398,-47.8959,2025-07-27,1
136128,5532533,1059L-DFI,,Aluguel,Apartamento,40.0,ASA NORTE,BRASILIA,1300.0,32.0,2.0,0.0,-15.759,-47.8929,2025-07-27,5
136290,5532695,OV244,,Aluguel,Apartamento,115.0,ASA NORTE,BRASILIA,5500.0,47.0,0.0,1.0,-15.758,-47.8906,2025-07-27,1
136348,5532753,,,Aluguel,Apartamento,96.0,ASA NORTE,BRASILIA,4500.0,46.0,0.0,0.0,-15.7583,-47.8796,2025-07-27,1
136351,5532756,1140671,,Aluguel,Apartamento,130.0,ASA NORTE,BRASILIA,10000.0,76.0,0.0,2.0,-15.7613,-47.8829,2025-07-27,2
136475,5532880,AP0007,,Aluguel,Apartamento,28.0,ASA NORTE,BRASILIA,1100.0,39.0,0.0,1.0,-15.7543,-47.9006,2025-07-27,3
136545,5532950,1200560,,Aluguel,Apartamento,35.0,ASA NORTE,BRASILIA,1300.0,37.0,0.0,0.0,-15.7391,-47.9013,2025-07-27,3
136552,5532957,884122,,Aluguel,Apartamento,45.0,ASA NORTE,BRASILIA,2490.0,55.0,0.0,0.0,-15.754,-47.8807,2025-07-27,0
136573,5532978,AP0145,,Aluguel,Apartamento,64.0,ASA NORTE,BRASILIA,3345.0,52.0,3.0,0.0,-15.7376,-47.8872,2025-07-27,7
136595,5533000,1112393,,Aluguel,Apartamento,68.0,ASA NORTE,BRASILIA,3490.0,51.0,0.0,1.0,-15.7382,-47.8899,2025-07-27,7
136662,5533067,SM967,,Aluguel,Apartamento,83.0,ASA NORTE,BRASILIA,3800.0,45.0,0.0,1.0,-15.7495,-47.8858,2025-07-27,1
136854,5533259,1196756,,Aluguel,Apartamento,123.0,ASA NORTE,BRASILIA,5800.0,47.0,0.0,1.0,-15.7576,-47.8905,2025-07-27,1
136871,5533276,923753,,Aluguel,Apartamento,68.0,ASA NORTE,BRASILIA,4400.0,64.0,0.0,0.0,-15.759,-47.8919,2025-07-27,4
136880,5533285,784532,,Aluguel,Apartamento,200.0,ASA NORTE,BRASILIA,10000.0,50.0,0.0,2.0,-15.7797,-47.8869,2025-07-27,7
140180,5533418,,,Aluguel,Apartamento,45.0,ASA NORTE,BRASILIA,2400.0,53.0,0.0,0.0,-15.7712,-47.8757,2025-07-27,7
140207,5533445,683793,,Aluguel,Apartamento,121.0,ASA NORTE,BRASILIA,4700.0,38.0,3.0,0.0,-15.7585,-47.894,2025-07-27,3
